{
  "images" : [
    {
      "idiom" : "universal",
      "scale" : "1x"
    },
    {
      "idiom" : "universal",
      "scale" : "2x"
    },
    {
      "idiom" : "universal",
      "scale" : "3x"
    },
    {
      "idiom" : "iphone",
      "filename" : "iStock-618066222-59a42d02685fbe00102b159a-1.jpg",
      "scale" : "1x"
    },
    {
      "idiom" : "iphone",
      "filename" : "iStock-618066222-59a42d02685fbe00102b159a-2.jpg",
      "scale" : "2x"
    },
    {
      "idiom" : "iphone",
      "filename" : "iStock-618066222-59a42d02685fbe00102b159a.jpg",
      "scale" : "3x"
    }
  ],
  "info" : {
    "version" : 1,
    "author" : "xcode"
  }
}