{
  "images" : [
    {
      "idiom" : "universal",
      "scale" : "1x"
    },
    {
      "idiom" : "universal",
      "scale" : "2x"
    },
    {
      "idiom" : "universal",
      "scale" : "3x"
    },
    {
      "idiom" : "iphone",
      "filename" : "nathan-dumlao-609931-unsplash-2.jpg",
      "scale" : "1x"
    },
    {
      "idiom" : "iphone",
      "filename" : "nathan-dumlao-609931-unsplash-1.jpg",
      "scale" : "2x"
    },
    {
      "idiom" : "iphone",
      "filename" : "nathan-dumlao-609931-unsplash.jpg",
      "scale" : "3x"
    }
  ],
  "info" : {
    "version" : 1,
    "author" : "xcode"
  }
}